<?xml version="1.0" encoding="UTF-8"?>
<GenRun Id="impl_1" LaunchPart="xc7a35tcpg236-1" LaunchTime="1580315144">
  <File Type="BITSTR-BMM" Name="testbench_bd.bmm"/>
  <File Type="OPT-METHODOLOGY-DRC" Name="testbench_methodology_drc_opted.rpt"/>
  <File Type="INIT-TIMING" Name="testbench_timing_summary_init.rpt"/>
  <File Type="ROUTE-PWR" Name="testbench_power_routed.rpt"/>
  <File Type="PA-TCL" Name="testbench.tcl"/>
  <File Type="OPT-TIMING" Name="testbench_timing_summary_opted.rpt"/>
  <File Type="OPT-DCP" Name="testbench_opt.dcp"/>
  <File Type="ROUTE-PWR-SUM" Name="testbench_power_summary_routed.pb"/>
  <File Type="REPORTS-TCL" Name="testbench_reports.tcl"/>
  <File Type="OPT-DRC" Name="testbench_drc_opted.rpt"/>
  <File Type="OPT-HWDEF" Name="testbench.hwdef"/>
  <File Type="PWROPT-DCP" Name="testbench_pwropt.dcp"/>
  <File Type="PWROPT-DRC" Name="testbench_drc_pwropted.rpt"/>
  <File Type="PWROPT-TIMING" Name="testbench_timing_summary_pwropted.rpt"/>
  <File Type="PLACE-DCP" Name="testbench_placed.dcp"/>
  <File Type="PLACE-IO" Name="testbench_io_placed.rpt"/>
  <File Type="PLACE-CLK" Name="testbench_clock_utilization_placed.rpt"/>
  <File Type="PLACE-UTIL" Name="testbench_utilization_placed.rpt"/>
  <File Type="PLACE-UTIL-PB" Name="testbench_utilization_placed.pb"/>
  <File Type="PLACE-CTRL" Name="testbench_control_sets_placed.rpt"/>
  <File Type="PLACE-SIMILARITY" Name="testbench_incremental_reuse_placed.rpt"/>
  <File Type="PLACE-PRE-SIMILARITY" Name="testbench_incremental_reuse_pre_placed.rpt"/>
  <File Type="BG-BGN" Name="testbench.bgn"/>
  <File Type="PLACE-TIMING" Name="testbench_timing_summary_placed.rpt"/>
  <File Type="POSTPLACE-PWROPT-DCP" Name="testbench_postplace_pwropt.dcp"/>
  <File Type="BG-BIN" Name="testbench.bin"/>
  <File Type="POSTPLACE-PWROPT-TIMING" Name="testbench_timing_summary_postplace_pwropted.rpt"/>
  <File Type="PHYSOPT-DCP" Name="testbench_physopt.dcp"/>
  <File Type="PHYSOPT-DRC" Name="testbench_drc_physopted.rpt"/>
  <File Type="BITSTR-MSK" Name="testbench.msk"/>
  <File Type="PHYSOPT-TIMING" Name="testbench_timing_summary_physopted.rpt"/>
  <File Type="ROUTE-ERROR-DCP" Name="testbench_routed_error.dcp"/>
  <File Type="ROUTE-DCP" Name="testbench_routed.dcp"/>
  <File Type="ROUTE-BLACKBOX-DCP" Name="testbench_routed_bb.dcp"/>
  <File Type="ROUTE-DRC" Name="testbench_drc_routed.rpt"/>
  <File Type="ROUTE-DRC-PB" Name="testbench_drc_routed.pb"/>
  <File Type="BITSTR-LTX" Name="debug_nets.ltx"/>
  <File Type="BITSTR-LTX" Name="testbench.ltx"/>
  <File Type="ROUTE-DRC-RPX" Name="testbench_drc_routed.rpx"/>
  <File Type="BITSTR-MMI" Name="testbench.mmi"/>
  <File Type="ROUTE-METHODOLOGY-DRC" Name="testbench_methodology_drc_routed.rpt"/>
  <File Type="ROUTE-METHODOLOGY-DRC-RPX" Name="testbench_methodology_drc_routed.rpx"/>
  <File Type="BITSTR-SYSDEF" Name="testbench.sysdef"/>
  <File Type="ROUTE-METHODOLOGY-DRC-PB" Name="testbench_methodology_drc_routed.pb"/>
  <File Type="ROUTE-PWR-RPX" Name="testbench_power_routed.rpx"/>
  <File Type="ROUTE-STATUS" Name="testbench_route_status.rpt"/>
  <File Type="ROUTE-STATUS-PB" Name="testbench_route_status.pb"/>
  <File Type="ROUTE-TIMINGSUMMARY" Name="testbench_timing_summary_routed.rpt"/>
  <File Type="ROUTE-TIMING-PB" Name="testbench_timing_summary_routed.pb"/>
  <File Type="ROUTE-TIMING-RPX" Name="testbench_timing_summary_routed.rpx"/>
  <File Type="ROUTE-SIMILARITY" Name="testbench_incremental_reuse_routed.rpt"/>
  <File Type="ROUTE-CLK" Name="testbench_clock_utilization_routed.rpt"/>
  <File Type="ROUTE-BUS-SKEW" Name="testbench_bus_skew_routed.rpt"/>
  <File Type="ROUTE-BUS-SKEW-PB" Name="testbench_bus_skew_routed.pb"/>
  <File Type="ROUTE-BUS-SKEW-RPX" Name="testbench_bus_skew_routed.rpx"/>
  <File Type="POSTROUTE-PHYSOPT-DCP" Name="testbench_postroute_physopt.dcp"/>
  <File Type="POSTROUTE-PHYSOPT-BLACKBOX-DCP" Name="testbench_postroute_physopt_bb.dcp"/>
  <File Type="POSTROUTE-PHYSOPT-TIMING" Name="testbench_timing_summary_postroute_physopted.rpt"/>
  <File Type="POSTROUTE-PHYSOPT-TIMING-PB" Name="testbench_timing_summary_postroute_physopted.pb"/>
  <File Type="POSTROUTE-PHYSOPT-TIMING-RPX" Name="testbench_timing_summary_postroute_physopted.rpx"/>
  <File Type="POSTROUTE-PHYSOPT-BUS-SKEW" Name="testbench_bus_skew_postroute_physopted.rpt"/>
  <File Type="POSTROUTE-PHYSOPT-BUS-SKEW-PB" Name="testbench_bus_skew_postroute_physopted.pb"/>
  <File Type="BG-BIT" Name="testbench.bit"/>
  <File Type="POSTROUTE-PHYSOPT-BUS-SKEW-RPX" Name="testbench_bus_skew_postroute_physopted.rpx"/>
  <File Type="BITSTR-RBT" Name="testbench.rbt"/>
  <File Type="BITSTR-NKY" Name="testbench.nky"/>
  <File Type="BG-DRC" Name="testbench.drc"/>
  <File Type="RDI-RDI" Name="testbench.vdi"/>
  <File Type="WBT-USG" Name="usage_statistics_webtalk.html"/>
  <FileSet Name="sources" Type="DesignSrcs" RelSrcDir="$PSRCDIR/sources_1">
    <Filter Type="Srcs"/>
    <File Path="$PPRDIR/a.vhd">
      <FileInfo>
        <Attr Name="UsedIn" Val="synthesis"/>
        <Attr Name="UsedIn" Val="simulation"/>
      </FileInfo>
    </File>
    <File Path="$PPRDIR/alu.vhd">
      <FileInfo>
        <Attr Name="UsedIn" Val="synthesis"/>
        <Attr Name="UsedIn" Val="simulation"/>
      </FileInfo>
    </File>
    <File Path="$PPRDIR/c.vhd">
      <FileInfo>
        <Attr Name="UsedIn" Val="synthesis"/>
        <Attr Name="UsedIn" Val="simulation"/>
      </FileInfo>
    </File>
    <File Path="$PPRDIR/conbit.vhd">
      <FileInfo>
        <Attr Name="UsedIn" Val="synthesis"/>
        <Attr Name="UsedIn" Val="simulation"/>
      </FileInfo>
    </File>
    <File Path="$PPRDIR/control.vhd">
      <FileInfo>
        <Attr Name="UsedIn" Val="synthesis"/>
        <Attr Name="UsedIn" Val="simulation"/>
      </FileInfo>
    </File>
    <File Path="$PPRDIR/eprom.vhd">
      <FileInfo>
        <Attr Name="UsedIn" Val="synthesis"/>
        <Attr Name="UsedIn" Val="simulation"/>
      </FileInfo>
    </File>
    <File Path="$PPRDIR/ir.vhd">
      <FileInfo>
        <Attr Name="UsedIn" Val="synthesis"/>
        <Attr Name="UsedIn" Val="simulation"/>
      </FileInfo>
    </File>
    <File Path="$PPRDIR/ma.vhd">
      <FileInfo>
        <Attr Name="UsedIn" Val="synthesis"/>
        <Attr Name="UsedIn" Val="simulation"/>
      </FileInfo>
    </File>
    <File Path="$PPRDIR/md.vhd">
      <FileInfo>
        <Attr Name="UsedIn" Val="synthesis"/>
        <Attr Name="UsedIn" Val="simulation"/>
      </FileInfo>
    </File>
    <File Path="$PPRDIR/pc.vhd">
      <FileInfo>
        <Attr Name="UsedIn" Val="synthesis"/>
        <Attr Name="UsedIn" Val="simulation"/>
      </FileInfo>
    </File>
    <File Path="$PPRDIR/regfile.vhd">
      <FileInfo>
        <Attr Name="UsedIn" Val="synthesis"/>
        <Attr Name="UsedIn" Val="simulation"/>
      </FileInfo>
    </File>
    <File Path="$PPRDIR/rsrc.vhd">
      <FileInfo>
        <Attr Name="UsedIn" Val="synthesis"/>
        <Attr Name="UsedIn" Val="simulation"/>
      </FileInfo>
    </File>
    <File Path="$PPRDIR/shiftcounter.vhd">
      <FileInfo>
        <Attr Name="UsedIn" Val="synthesis"/>
        <Attr Name="UsedIn" Val="simulation"/>
      </FileInfo>
    </File>
    <File Path="$PPRDIR/sram.vhd">
      <FileInfo>
        <Attr Name="UsedIn" Val="synthesis"/>
        <Attr Name="UsedIn" Val="simulation"/>
      </FileInfo>
    </File>
    <File Path="$PSRCDIR/sources_1/new/uart.vhd">
      <FileInfo>
        <Attr Name="UsedIn" Val="synthesis"/>
        <Attr Name="UsedIn" Val="simulation"/>
      </FileInfo>
    </File>
    <File Path="$PPRDIR/vga.vhd">
      <FileInfo>
        <Attr Name="UsedIn" Val="synthesis"/>
        <Attr Name="UsedIn" Val="simulation"/>
      </FileInfo>
    </File>
    <File Path="$PPRDIR/testbench.vhd">
      <FileInfo>
        <Attr Name="UsedIn" Val="synthesis"/>
        <Attr Name="UsedIn" Val="simulation"/>
      </FileInfo>
    </File>
    <Config>
      <Option Name="DesignMode" Val="RTL"/>
      <Option Name="TopModule" Val="testbench"/>
      <Option Name="TopAutoSet" Val="TRUE"/>
    </Config>
  </FileSet>
  <FileSet Name="constrs_in" Type="Constrs" RelSrcDir="$PSRCDIR/constrs_1">
    <Filter Type="Constrs"/>
    <File Path="$PPRDIR/testbench.xdc">
      <FileInfo>
        <Attr Name="UsedIn" Val="synthesis"/>
        <Attr Name="UsedIn" Val="implementation"/>
      </FileInfo>
    </File>
    <Config>
      <Option Name="ConstrsType" Val="XDC"/>
    </Config>
  </FileSet>
  <FileSet Name="utils" Type="Utils" RelSrcDir="$PSRCDIR/utils_1">
    <Filter Type="Utils"/>
    <Config>
      <Option Name="TopAutoSet" Val="TRUE"/>
    </Config>
  </FileSet>
  <Strategy Version="1" Minor="2">
    <StratHandle Name="Vivado Implementation Defaults" Flow="Vivado Implementation 2019"/>
    <Step Id="init_design"/>
    <Step Id="opt_design"/>
    <Step Id="power_opt_design"/>
    <Step Id="place_design"/>
    <Step Id="post_place_power_opt_design"/>
    <Step Id="phys_opt_design"/>
    <Step Id="route_design"/>
    <Step Id="post_route_phys_opt_design"/>
    <Step Id="write_bitstream"/>
  </Strategy>
  <BlockFileSet Type="BlockSrcs" Name="clk_wiz_0"/>
  <BlockFileSet Type="BlockSrcs" Name="blk_mem_gen_0"/>
</GenRun>
